timestamp,profile,benchmark,variant,policy,status,worker_id,hostname,train_contexts,train_scenarios_per_context,test_contexts,test_scenarios_per_context,evaluation_batches,seed,replica_index,replica_seed,source_artifact_path,cache_key,loaded_from_cache,loaded_policy_from_cache,data_seconds,fit_seconds,eval_seconds,mu_train,rho_train,mu_eval,rho_eval,policy_history_path,sample_count,policy_value_mean,optimal_value_mean,regret_mean,relative_regret_mean,gap_stderr_mean,policy_eval_seconds,error
20260507_100656,tiny,resource_allocation,resource_allocation,dfl_mu0_rho0.1,ok,2,ibm-96c-1,100,1,30,500,5,20260505,1,20260505,/home/rwl/ProblemBasedScenarioGeneration/src/ContextualDFL/ContextualDFLExperiments/experiments/baseline_benchmarks/artifacts/tiny_30ctx_5x100_seed20260505/resource_allocation.jls,v3__tiny__resource_allocation__resource_allocation__train100x1__test30x500__batches5__seed20260505__solver_ipopt_highs__generated_test_optima__policy_dfl__dflrho_v1_dfl_mu0_rho0.1_seed20260505_epochs130_scenarios1_batch1_hidden128_depth3_lr0.001_mu0.0_rho0.1,true,true,0.083075776,1.601715972,678.162105754,0.0,0.1,0.0,0.0,/home/rwl/ProblemBasedScenarioGeneration/src/ContextualDFL/ContextualDFLExperiments/experiments/baseline_benchmarks/results/tiny_30ctx_5x100_dfl_rho_asap_20260507/ibm-96c-1/policy_histories/20260507_100656_resource_allocation_dfl_mu0_rho0_1_replica1_seed20260505_history.csv,30,1248.402325077412,841.239094136108,407.16323094130377,0.46542210603713957,1.8489698973846802,674.864901606,
20260507_100656,tiny,resource_allocation,resource_allocation,dfl_mu0_rho0.1,ok,3,ibm-96c-1,100,1,30,500,5,20260505,2,20260506,/home/rwl/ProblemBasedScenarioGeneration/src/ContextualDFL/ContextualDFLExperiments/experiments/baseline_benchmarks/artifacts/tiny_30ctx_5x100_seed20260505/resource_allocation.jls,v3__tiny__resource_allocation__resource_allocation__train100x1__test30x500__batches5__seed20260505__solver_ipopt_highs__generated_test_optima__policy_dfl__dflrho_v1_dfl_mu0_rho0.1_seed20260506_epochs130_scenarios1_batch1_hidden128_depth3_lr0.001_mu0.0_rho0.1,true,true,0.157547373,1.374152561,677.825417713,0.0,0.1,0.0,0.0,/home/rwl/ProblemBasedScenarioGeneration/src/ContextualDFL/ContextualDFLExperiments/experiments/baseline_benchmarks/results/tiny_30ctx_5x100_dfl_rho_asap_20260507/ibm-96c-1/policy_histories/20260507_100656_resource_allocation_dfl_mu0_rho0_1_replica2_seed20260506_history.csv,30,1248.275666585579,841.239094136108,407.03657244947107,0.46596197147091356,1.8582579991661248,674.586704282,
20260507_100656,tiny,resource_allocation,resource_allocation,dfl_mu0_rho0.1,ok,4,ibm-96c-1,100,1,30,500,5,20260505,3,20260507,/home/rwl/ProblemBasedScenarioGeneration/src/ContextualDFL/ContextualDFLExperiments/experiments/baseline_benchmarks/artifacts/tiny_30ctx_5x100_seed20260505/resource_allocation.jls,v3__tiny__resource_allocation__resource_allocation__train100x1__test30x500__batches5__seed20260505__solver_ipopt_highs__generated_test_optima__policy_dfl__dflrho_v1_dfl_mu0_rho0.1_seed20260507_epochs130_scenarios1_batch1_hidden128_depth3_lr0.001_mu0.0_rho0.1,true,true,0.161531328,1.634344976,659.147540364,0.0,0.1,0.0,0.0,/home/rwl/ProblemBasedScenarioGeneration/src/ContextualDFL/ContextualDFLExperiments/experiments/baseline_benchmarks/results/tiny_30ctx_5x100_dfl_rho_asap_20260507/ibm-96c-1/policy_histories/20260507_100656_resource_allocation_dfl_mu0_rho0_1_replica3_seed20260507_history.csv,30,1289.8408910149446,841.239094136108,448.60179687883647,0.5140348008304103,1.8850837182428082,655.78454677,
20260507_100656,tiny,resource_allocation,resource_allocation,dfl_mu0_rho0.01,ok,5,ibm-96c-1,100,1,30,500,5,20260505,1,20260505,/home/rwl/ProblemBasedScenarioGeneration/src/ContextualDFL/ContextualDFLExperiments/experiments/baseline_benchmarks/artifacts/tiny_30ctx_5x100_seed20260505/resource_allocation.jls,v3__tiny__resource_allocation__resource_allocation__train100x1__test30x500__batches5__seed20260505__solver_ipopt_highs__generated_test_optima__policy_dfl__dflrho_v1_dfl_mu0_rho0.01_seed20260505_epochs130_scenarios1_batch1_hidden128_depth3_lr0.001_mu0.0_rho0.01,true,true,0.933618455,1.378324078,662.267689037,0.0,0.01,0.0,0.0,/home/rwl/ProblemBasedScenarioGeneration/src/ContextualDFL/ContextualDFLExperiments/experiments/baseline_benchmarks/results/tiny_30ctx_5x100_dfl_rho_asap_20260507/ibm-96c-1/policy_histories/20260507_100656_resource_allocation_dfl_mu0_rho0_01_replica1_seed20260505_history.csv,30,1041.8754268606574,841.239094136108,200.63633272454916,0.23834109320492802,0.5069122356981048,658.251481451,
20260507_100656,tiny,resource_allocation,resource_allocation,dfl_mu0_rho0.01,ok,6,ibm-96c-1,100,1,30,500,5,20260505,2,20260506,/home/rwl/ProblemBasedScenarioGeneration/src/ContextualDFL/ContextualDFLExperiments/experiments/baseline_benchmarks/artifacts/tiny_30ctx_5x100_seed20260505/resource_allocation.jls,v3__tiny__resource_allocation__resource_allocation__train100x1__test30x500__batches5__seed20260505__solver_ipopt_highs__generated_test_optima__policy_dfl__dflrho_v1_dfl_mu0_rho0.01_seed20260506_epochs130_scenarios1_batch1_hidden128_depth3_lr0.001_mu0.0_rho0.01,true,true,0.765119827,1.619543384,658.694605478,0.0,0.01,0.0,0.0,/home/rwl/ProblemBasedScenarioGeneration/src/ContextualDFL/ContextualDFLExperiments/experiments/baseline_benchmarks/results/tiny_30ctx_5x100_dfl_rho_asap_20260507/ibm-96c-1/policy_histories/20260507_100656_resource_allocation_dfl_mu0_rho0_01_replica2_seed20260506_history.csv,30,1045.5196593422986,841.239094136108,204.2805652061904,0.24267652064421127,0.536270549977328,655.063965749,
20260507_100656,tiny,resource_allocation,resource_allocation,dfl_mu0_rho0.01,ok,7,ibm-96c-1,100,1,30,500,5,20260505,3,20260507,/home/rwl/ProblemBasedScenarioGeneration/src/ContextualDFL/ContextualDFLExperiments/experiments/baseline_benchmarks/artifacts/tiny_30ctx_5x100_seed20260505/resource_allocation.jls,v3__tiny__resource_allocation__resource_allocation__train100x1__test30x500__batches5__seed20260505__solver_ipopt_highs__generated_test_optima__policy_dfl__dflrho_v1_dfl_mu0_rho0.01_seed20260507_epochs130_scenarios1_batch1_hidden128_depth3_lr0.001_mu0.0_rho0.01,true,true,0.771718767,1.636067772,641.259632618,0.0,0.01,0.0,0.0,/home/rwl/ProblemBasedScenarioGeneration/src/ContextualDFL/ContextualDFLExperiments/experiments/baseline_benchmarks/results/tiny_30ctx_5x100_dfl_rho_asap_20260507/ibm-96c-1/policy_histories/20260507_100656_resource_allocation_dfl_mu0_rho0_01_replica3_seed20260507_history.csv,30,1048.4356477857164,841.239094136108,207.1965536496083,0.24526507008802836,0.5238703388442931,637.786117768,
20260507_100656,tiny,resource_allocation,resource_allocation,dfl_mu0_rho0.001,ok,8,ibm-96c-1,100,1,30,500,5,20260505,1,20260505,/home/rwl/ProblemBasedScenarioGeneration/src/ContextualDFL/ContextualDFLExperiments/experiments/baseline_benchmarks/artifacts/tiny_30ctx_5x100_seed20260505/resource_allocation.jls,v3__tiny__resource_allocation__resource_allocation__train100x1__test30x500__batches5__seed20260505__solver_ipopt_highs__generated_test_optima__policy_dfl__dflrho_v1_dfl_mu0_rho0.001_seed20260505_epochs130_scenarios1_batch1_hidden128_depth3_lr0.001_mu0.0_rho0.001,true,true,0.748955002,1.610657934,634.638100444,0.0,0.001,0.0,0.0,/home/rwl/ProblemBasedScenarioGeneration/src/ContextualDFL/ContextualDFLExperiments/experiments/baseline_benchmarks/results/tiny_30ctx_5x100_dfl_rho_asap_20260507/ibm-96c-1/policy_histories/20260507_100656_resource_allocation_dfl_mu0_rho0_001_replica1_seed20260505_history.csv,30,994.8103050806614,841.239094136108,153.57121094455323,0.1804011474075591,0.6139408571352855,631.01141982,
20260507_100656,tiny,resource_allocation,resource_allocation,dfl_mu0_rho0.001,ok,9,ibm-96c-1,100,1,30,500,5,20260505,2,20260506,/home/rwl/ProblemBasedScenarioGeneration/src/ContextualDFL/ContextualDFLExperiments/experiments/baseline_benchmarks/artifacts/tiny_30ctx_5x100_seed20260505/resource_allocation.jls,v3__tiny__resource_allocation__resource_allocation__train100x1__test30x500__batches5__seed20260505__solver_ipopt_highs__generated_test_optima__policy_dfl__dflrho_v1_dfl_mu0_rho0.001_seed20260506_epochs130_scenarios1_batch1_hidden128_depth3_lr0.001_mu0.0_rho0.001,true,true,0.755922981,1.632437179,592.524050883,0.0,0.001,0.0,0.0,/home/rwl/ProblemBasedScenarioGeneration/src/ContextualDFL/ContextualDFLExperiments/experiments/baseline_benchmarks/results/tiny_30ctx_5x100_dfl_rho_asap_20260507/ibm-96c-1/policy_histories/20260507_100656_resource_allocation_dfl_mu0_rho0_001_replica2_seed20260506_history.csv,30,990.7006963160528,841.239094136108,149.46160217994472,0.17491890234477844,0.6496897155250091,588.861824417,
20260507_100656,tiny,resource_allocation,resource_allocation,dfl_mu0_rho0.001,ok,10,ibm-96c-1,100,1,30,500,5,20260505,3,20260507,/home/rwl/ProblemBasedScenarioGeneration/src/ContextualDFL/ContextualDFLExperiments/experiments/baseline_benchmarks/artifacts/tiny_30ctx_5x100_seed20260505/resource_allocation.jls,v3__tiny__resource_allocation__resource_allocation__train100x1__test30x500__batches5__seed20260505__solver_ipopt_highs__generated_test_optima__policy_dfl__dflrho_v1_dfl_mu0_rho0.001_seed20260507_epochs130_scenarios1_batch1_hidden128_depth3_lr0.001_mu0.0_rho0.001,true,true,1.021811128,1.42216881,602.026621004,0.0,0.001,0.0,0.0,/home/rwl/ProblemBasedScenarioGeneration/src/ContextualDFL/ContextualDFLExperiments/experiments/baseline_benchmarks/results/tiny_30ctx_5x100_dfl_rho_asap_20260507/ibm-96c-1/policy_histories/20260507_100656_resource_allocation_dfl_mu0_rho0_001_replica3_seed20260507_history.csv,30,1001.9915183227876,841.239094136108,160.7524241866795,0.1887256817723263,0.6595471601350007,597.53325408,
20260507_100656,tiny,shipment_planning,shipment_planning,dfl_mu0_rho0.1,ok,11,ibm-96c-1,100,1,30,500,5,20260505,1,20260505,/home/rwl/ProblemBasedScenarioGeneration/src/ContextualDFL/ContextualDFLExperiments/experiments/baseline_benchmarks/artifacts/tiny_30ctx_5x100_seed20260505/shipment_planning.jls,v3__tiny__shipment_planning__shipment_planning__train100x1__test30x500__batches5__seed20260505__solver_ipopt_highs__generated_test_optima__policy_dfl__dflrho_v1_dfl_mu0_rho0.1_seed20260505_epochs130_scenarios1_batch1_hidden128_depth3_lr0.001_mu0.0_rho0.1,true,true,0.9514556,1.329037478,334.532570674,0.0,0.1,0.0,0.0,/home/rwl/ProblemBasedScenarioGeneration/src/ContextualDFL/ContextualDFLExperiments/experiments/baseline_benchmarks/results/tiny_30ctx_5x100_dfl_rho_asap_20260507/ibm-96c-1/policy_histories/20260507_100656_shipment_planning_dfl_mu0_rho0_1_replica1_seed20260505_history.csv,30,7718.313706658915,7032.59573297863,685.7179736802874,0.09679627343005566,36.5752697039754,330.72198326,
20260507_100656,tiny,shipment_planning,shipment_planning,dfl_mu0_rho0.1,ok,12,ibm-96c-1,100,1,30,500,5,20260505,2,20260506,/home/rwl/ProblemBasedScenarioGeneration/src/ContextualDFL/ContextualDFLExperiments/experiments/baseline_benchmarks/artifacts/tiny_30ctx_5x100_seed20260505/shipment_planning.jls,v3__tiny__shipment_planning__shipment_planning__train100x1__test30x500__batches5__seed20260505__solver_ipopt_highs__generated_test_optima__policy_dfl__dflrho_v1_dfl_mu0_rho0.1_seed20260506_epochs130_scenarios1_batch1_hidden128_depth3_lr0.001_mu0.0_rho0.1,true,true,0.692854505,1.379757356,330.412884616,0.0,0.1,0.0,0.0,/home/rwl/ProblemBasedScenarioGeneration/src/ContextualDFL/ContextualDFLExperiments/experiments/baseline_benchmarks/results/tiny_30ctx_5x100_dfl_rho_asap_20260507/ibm-96c-1/policy_histories/20260507_100656_shipment_planning_dfl_mu0_rho0_1_replica2_seed20260506_history.csv,30,7248.7447897589045,7032.59573297863,216.14905678027625,0.031280659254982295,19.234364160250813,326.131128938,
20260507_100656,tiny,shipment_planning,shipment_planning,dfl_mu0_rho0.1,ok,13,ibm-96c-1,100,1,30,500,5,20260505,3,20260507,/home/rwl/ProblemBasedScenarioGeneration/src/ContextualDFL/ContextualDFLExperiments/experiments/baseline_benchmarks/artifacts/tiny_30ctx_5x100_seed20260505/shipment_planning.jls,v3__tiny__shipment_planning__shipment_planning__train100x1__test30x500__batches5__seed20260505__solver_ipopt_highs__generated_test_optima__policy_dfl__dflrho_v1_dfl_mu0_rho0.1_seed20260507_epochs130_scenarios1_batch1_hidden128_depth3_lr0.001_mu0.0_rho0.1,true,true,0.711293627,1.627443702,332.248132381,0.0,0.1,0.0,0.0,/home/rwl/ProblemBasedScenarioGeneration/src/ContextualDFL/ContextualDFLExperiments/experiments/baseline_benchmarks/results/tiny_30ctx_5x100_dfl_rho_asap_20260507/ibm-96c-1/policy_histories/20260507_100656_shipment_planning_dfl_mu0_rho0_1_replica3_seed20260507_history.csv,30,7252.869770238142,7032.59573297863,220.27403725951234,0.031433172475512146,17.52950975764872,328.155011185,
20260507_100656,tiny,shipment_planning,shipment_planning,dfl_mu0_rho0.01,ok,14,ibm-96c-1,100,1,30,500,5,20260505,1,20260505,/home/rwl/ProblemBasedScenarioGeneration/src/ContextualDFL/ContextualDFLExperiments/experiments/baseline_benchmarks/artifacts/tiny_30ctx_5x100_seed20260505/shipment_planning.jls,v3__tiny__shipment_planning__shipment_planning__train100x1__test30x500__batches5__seed20260505__solver_ipopt_highs__generated_test_optima__policy_dfl__dflrho_v1_dfl_mu0_rho0.01_seed20260505_epochs130_scenarios1_batch1_hidden128_depth3_lr0.001_mu0.0_rho0.01,true,true,0.70348452,1.587474002,333.795449755,0.0,0.01,0.0,0.0,/home/rwl/ProblemBasedScenarioGeneration/src/ContextualDFL/ContextualDFLExperiments/experiments/baseline_benchmarks/results/tiny_30ctx_5x100_dfl_rho_asap_20260507/ibm-96c-1/policy_histories/20260507_100656_shipment_planning_dfl_mu0_rho0_01_replica1_seed20260505_history.csv,30,7062.298206445517,7032.59573297863,29.702473466888144,0.004129247912557337,5.6102756036708765,329.925412575,
20260507_100656,tiny,shipment_planning,shipment_planning,dfl_mu0_rho0.01,ok,15,ibm-96c-1,100,1,30,500,5,20260505,2,20260506,/home/rwl/ProblemBasedScenarioGeneration/src/ContextualDFL/ContextualDFLExperiments/experiments/baseline_benchmarks/artifacts/tiny_30ctx_5x100_seed20260505/shipment_planning.jls,v3__tiny__shipment_planning__shipment_planning__train100x1__test30x500__batches5__seed20260505__solver_ipopt_highs__generated_test_optima__policy_dfl__dflrho_v1_dfl_mu0_rho0.01_seed20260506_epochs130_scenarios1_batch1_hidden128_depth3_lr0.001_mu0.0_rho0.01,true,true,0.715706468,1.551488406,335.104205515,0.0,0.01,0.0,0.0,/home/rwl/ProblemBasedScenarioGeneration/src/ContextualDFL/ContextualDFLExperiments/experiments/baseline_benchmarks/results/tiny_30ctx_5x100_dfl_rho_asap_20260507/ibm-96c-1/policy_histories/20260507_100656_shipment_planning_dfl_mu0_rho0_01_replica2_seed20260506_history.csv,30,7058.08445908528,7032.59573297863,25.488726106652607,0.0034343609543397158,4.772710444642034,331.288043342,
20260507_100656,tiny,shipment_planning,shipment_planning,dfl_mu0_rho0.01,ok,16,ibm-96c-1,100,1,30,500,5,20260505,3,20260507,/home/rwl/ProblemBasedScenarioGeneration/src/ContextualDFL/ContextualDFLExperiments/experiments/baseline_benchmarks/artifacts/tiny_30ctx_5x100_seed20260505/shipment_planning.jls,v3__tiny__shipment_planning__shipment_planning__train100x1__test30x500__batches5__seed20260505__solver_ipopt_highs__generated_test_optima__policy_dfl__dflrho_v1_dfl_mu0_rho0.01_seed20260507_epochs130_scenarios1_batch1_hidden128_depth3_lr0.001_mu0.0_rho0.01,true,true,0.682037728,1.369773645,358.504987547,0.0,0.01,0.0,0.0,/home/rwl/ProblemBasedScenarioGeneration/src/ContextualDFL/ContextualDFLExperiments/experiments/baseline_benchmarks/results/tiny_30ctx_5x100_dfl_rho_asap_20260507/ibm-96c-1/policy_histories/20260507_100656_shipment_planning_dfl_mu0_rho0_01_replica3_seed20260507_history.csv,30,7079.31043554907,7032.59573297863,46.71470257044275,0.006348755853034919,6.398534817871871,354.55252625,
20260507_100656,tiny,shipment_planning,shipment_planning,dfl_mu0_rho0.001,ok,17,ibm-96c-1,100,1,30,500,5,20260505,1,20260505,/home/rwl/ProblemBasedScenarioGeneration/src/ContextualDFL/ContextualDFLExperiments/experiments/baseline_benchmarks/artifacts/tiny_30ctx_5x100_seed20260505/shipment_planning.jls,v3__tiny__shipment_planning__shipment_planning__train100x1__test30x500__batches5__seed20260505__solver_ipopt_highs__generated_test_optima__policy_dfl__dflrho_v1_dfl_mu0_rho0.001_seed20260505_epochs130_scenarios1_batch1_hidden128_depth3_lr0.001_mu0.0_rho0.001,true,true,0.708793983,1.591300455,333.51020047,0.0,0.001,0.0,0.0,/home/rwl/ProblemBasedScenarioGeneration/src/ContextualDFL/ContextualDFLExperiments/experiments/baseline_benchmarks/results/tiny_30ctx_5x100_dfl_rho_asap_20260507/ibm-96c-1/policy_histories/20260507_100656_shipment_planning_dfl_mu0_rho0_001_replica1_seed20260505_history.csv,30,7058.770371268385,7032.59573297863,26.17463828975615,0.0037244887074065957,5.381228583585081,329.119412145,
20260507_100656,tiny,shipment_planning,shipment_planning,dfl_mu0_rho0.001,ok,18,ibm-96c-1,100,1,30,500,5,20260505,2,20260506,/home/rwl/ProblemBasedScenarioGeneration/src/ContextualDFL/ContextualDFLExperiments/experiments/baseline_benchmarks/artifacts/tiny_30ctx_5x100_seed20260505/shipment_planning.jls,v3__tiny__shipment_planning__shipment_planning__train100x1__test30x500__batches5__seed20260505__solver_ipopt_highs__generated_test_optima__policy_dfl__dflrho_v1_dfl_mu0_rho0.001_seed20260506_epochs130_scenarios1_batch1_hidden128_depth3_lr0.001_mu0.0_rho0.001,true,true,0.938351233,1.331324585,362.22865249,0.0,0.001,0.0,0.0,/home/rwl/ProblemBasedScenarioGeneration/src/ContextualDFL/ContextualDFLExperiments/experiments/baseline_benchmarks/results/tiny_30ctx_5x100_dfl_rho_asap_20260507/ibm-96c-1/policy_histories/20260507_100656_shipment_planning_dfl_mu0_rho0_001_replica2_seed20260506_history.csv,30,7134.398580820876,7032.59573297863,101.80284784224771,0.014287678722298162,7.468568308369699,358.526859225,
20260507_100656,tiny,shipment_planning,shipment_planning,dfl_mu0_rho0.001,ok,19,ibm-96c-1,100,1,30,500,5,20260505,3,20260507,/home/rwl/ProblemBasedScenarioGeneration/src/ContextualDFL/ContextualDFLExperiments/experiments/baseline_benchmarks/artifacts/tiny_30ctx_5x100_seed20260505/shipment_planning.jls,v3__tiny__shipment_planning__shipment_planning__train100x1__test30x500__batches5__seed20260505__solver_ipopt_highs__generated_test_optima__policy_dfl__dflrho_v1_dfl_mu0_rho0.001_seed20260507_epochs130_scenarios1_batch1_hidden128_depth3_lr0.001_mu0.0_rho0.001,true,true,0.708950829,1.593640412,334.936950366,0.0,0.001,0.0,0.0,/home/rwl/ProblemBasedScenarioGeneration/src/ContextualDFL/ContextualDFLExperiments/experiments/baseline_benchmarks/results/tiny_30ctx_5x100_dfl_rho_asap_20260507/ibm-96c-1/policy_histories/20260507_100656_shipment_planning_dfl_mu0_rho0_001_replica3_seed20260507_history.csv,30,7121.78794049521,7032.59573297863,89.19220751658159,0.012403872827431646,9.902807469269014,331.052365426,
20260507_100656,tiny,unreliable_newsvendor,unreliable_newsvendor,dfl_mu0_rho0.1,ok,20,ibm-96c-1,100,1,30,500,5,20260505,1,20260505,/home/rwl/ProblemBasedScenarioGeneration/src/ContextualDFL/ContextualDFLExperiments/experiments/baseline_benchmarks/artifacts/tiny_30ctx_5x100_seed20260505/unreliable_newsvendor.jls,v3__tiny__unreliable_newsvendor__unreliable_newsvendor__train100x1__test30x500__batches5__seed20260505__solver_ipopt_highs__generated_test_optima__policy_dfl__dflrho_v1_dfl_mu0_rho0.1_seed20260505_epochs130_scenarios1_batch1_hidden128_depth3_lr0.001_mu0.0_rho0.1,true,true,0.667205665,1.41921736,353.781066069,0.0,0.1,0.0,0.0,/home/rwl/ProblemBasedScenarioGeneration/src/ContextualDFL/ContextualDFLExperiments/experiments/baseline_benchmarks/results/tiny_30ctx_5x100_dfl_rho_asap_20260507/ibm-96c-1/policy_histories/20260507_100656_unreliable_newsvendor_dfl_mu0_rho0_1_replica1_seed20260505_history.csv,30,-1.6558094638626344,-1.6884922663523305,0.0326828024896961,0.019749214551110634,0.007107751442408202,349.776648198,
20260507_100656,tiny,unreliable_newsvendor,unreliable_newsvendor,dfl_mu0_rho0.1,ok,21,ibm-96c-1,100,1,30,500,5,20260505,2,20260506,/home/rwl/ProblemBasedScenarioGeneration/src/ContextualDFL/ContextualDFLExperiments/experiments/baseline_benchmarks/artifacts/tiny_30ctx_5x100_seed20260505/unreliable_newsvendor.jls,v3__tiny__unreliable_newsvendor__unreliable_newsvendor__train100x1__test30x500__batches5__seed20260505__solver_ipopt_highs__generated_test_optima__policy_dfl__dflrho_v1_dfl_mu0_rho0.1_seed20260506_epochs130_scenarios1_batch1_hidden128_depth3_lr0.001_mu0.0_rho0.1,true,true,0.723942106,1.468513318,319.368260782,0.0,0.1,0.0,0.0,/home/rwl/ProblemBasedScenarioGeneration/src/ContextualDFL/ContextualDFLExperiments/experiments/baseline_benchmarks/results/tiny_30ctx_5x100_dfl_rho_asap_20260507/ibm-96c-1/policy_histories/20260507_100656_unreliable_newsvendor_dfl_mu0_rho0_1_replica2_seed20260506_history.csv,30,-1.624643519434582,-1.6884922663523305,0.06384874691774799,0.032364081639167916,0.008956687699072362,314.696776788,
20260507_100656,tiny,unreliable_newsvendor,unreliable_newsvendor,dfl_mu0_rho0.1,ok,22,ibm-96c-1,100,1,30,500,5,20260505,3,20260507,/home/rwl/ProblemBasedScenarioGeneration/src/ContextualDFL/ContextualDFLExperiments/experiments/baseline_benchmarks/artifacts/tiny_30ctx_5x100_seed20260505/unreliable_newsvendor.jls,v3__tiny__unreliable_newsvendor__unreliable_newsvendor__train100x1__test30x500__batches5__seed20260505__solver_ipopt_highs__generated_test_optima__policy_dfl__dflrho_v1_dfl_mu0_rho0.1_seed20260507_epochs130_scenarios1_batch1_hidden128_depth3_lr0.001_mu0.0_rho0.1,true,true,0.664582562,1.365638429,353.264780512,0.0,0.1,0.0,0.0,/home/rwl/ProblemBasedScenarioGeneration/src/ContextualDFL/ContextualDFLExperiments/experiments/baseline_benchmarks/results/tiny_30ctx_5x100_dfl_rho_asap_20260507/ibm-96c-1/policy_histories/20260507_100656_unreliable_newsvendor_dfl_mu0_rho0_1_replica3_seed20260507_history.csv,30,-1.1674454763689988,-1.6884922663523305,0.5210467899833321,0.2395163054260302,0.02018413986579212,349.467543317,
20260507_100656,tiny,unreliable_newsvendor,unreliable_newsvendor,dfl_mu0_rho0.01,ok,23,ibm-96c-1,100,1,30,500,5,20260505,1,20260505,/home/rwl/ProblemBasedScenarioGeneration/src/ContextualDFL/ContextualDFLExperiments/experiments/baseline_benchmarks/artifacts/tiny_30ctx_5x100_seed20260505/unreliable_newsvendor.jls,v3__tiny__unreliable_newsvendor__unreliable_newsvendor__train100x1__test30x500__batches5__seed20260505__solver_ipopt_highs__generated_test_optima__policy_dfl__dflrho_v1_dfl_mu0_rho0.01_seed20260505_epochs130_scenarios1_batch1_hidden128_depth3_lr0.001_mu0.0_rho0.01,true,true,0.709700028,1.62640241,313.313017278,0.0,0.01,0.0,0.0,/home/rwl/ProblemBasedScenarioGeneration/src/ContextualDFL/ContextualDFLExperiments/experiments/baseline_benchmarks/results/tiny_30ctx_5x100_dfl_rho_asap_20260507/ibm-96c-1/policy_histories/20260507_100656_unreliable_newsvendor_dfl_mu0_rho0_01_replica1_seed20260505_history.csv,30,-1.1964982216342501,-1.6884922663523305,0.4919940447180805,0.22543497539757965,0.019618409314180234,308.92321583,
20260507_100656,tiny,unreliable_newsvendor,unreliable_newsvendor,dfl_mu0_rho0.01,ok,24,ibm-96c-1,100,1,30,500,5,20260505,2,20260506,/home/rwl/ProblemBasedScenarioGeneration/src/ContextualDFL/ContextualDFLExperiments/experiments/baseline_benchmarks/artifacts/tiny_30ctx_5x100_seed20260505/unreliable_newsvendor.jls,v3__tiny__unreliable_newsvendor__unreliable_newsvendor__train100x1__test30x500__batches5__seed20260505__solver_ipopt_highs__generated_test_optima__policy_dfl__dflrho_v1_dfl_mu0_rho0.01_seed20260506_epochs130_scenarios1_batch1_hidden128_depth3_lr0.001_mu0.0_rho0.01,true,true,0.926892321,1.340165574,343.422724905,0.0,0.01,0.0,0.0,/home/rwl/ProblemBasedScenarioGeneration/src/ContextualDFL/ContextualDFLExperiments/experiments/baseline_benchmarks/results/tiny_30ctx_5x100_dfl_rho_asap_20260507/ibm-96c-1/policy_histories/20260507_100656_unreliable_newsvendor_dfl_mu0_rho0_01_replica2_seed20260506_history.csv,30,-1.639368164265797,-1.6884922663523305,0.04912410208653333,0.027510174605510595,0.008228697535415646,339.179963324,
20260507_100656,tiny,unreliable_newsvendor,unreliable_newsvendor,dfl_mu0_rho0.01,ok,25,ibm-96c-1,100,1,30,500,5,20260505,3,20260507,/home/rwl/ProblemBasedScenarioGeneration/src/ContextualDFL/ContextualDFLExperiments/experiments/baseline_benchmarks/artifacts/tiny_30ctx_5x100_seed20260505/unreliable_newsvendor.jls,v3__tiny__unreliable_newsvendor__unreliable_newsvendor__train100x1__test30x500__batches5__seed20260505__solver_ipopt_highs__generated_test_optima__policy_dfl__dflrho_v1_dfl_mu0_rho0.01_seed20260507_epochs130_scenarios1_batch1_hidden128_depth3_lr0.001_mu0.0_rho0.01,true,true,1.497525763,1.373350529,354.883884124,0.0,0.01,0.0,0.0,/home/rwl/ProblemBasedScenarioGeneration/src/ContextualDFL/ContextualDFLExperiments/experiments/baseline_benchmarks/results/tiny_30ctx_5x100_dfl_rho_asap_20260507/ibm-96c-1/policy_histories/20260507_100656_unreliable_newsvendor_dfl_mu0_rho0_01_replica3_seed20260507_history.csv,30,-1.6444933010956966,-1.6884922663523305,0.04399896525663407,0.024792832010991105,0.007253526290145196,350.896310429,
20260507_100656,tiny,unreliable_newsvendor,unreliable_newsvendor,dfl_mu0_rho0.001,ok,26,ibm-96c-1,100,1,30,500,5,20260505,1,20260505,/home/rwl/ProblemBasedScenarioGeneration/src/ContextualDFL/ContextualDFLExperiments/experiments/baseline_benchmarks/artifacts/tiny_30ctx_5x100_seed20260505/unreliable_newsvendor.jls,v3__tiny__unreliable_newsvendor__unreliable_newsvendor__train100x1__test30x500__batches5__seed20260505__solver_ipopt_highs__generated_test_optima__policy_dfl__dflrho_v1_dfl_mu0_rho0.001_seed20260505_epochs130_scenarios1_batch1_hidden128_depth3_lr0.001_mu0.0_rho0.001,true,true,0.705286639,1.613298766,314.878810239,0.0,0.001,0.0,0.0,/home/rwl/ProblemBasedScenarioGeneration/src/ContextualDFL/ContextualDFLExperiments/experiments/baseline_benchmarks/results/tiny_30ctx_5x100_dfl_rho_asap_20260507/ibm-96c-1/policy_histories/20260507_100656_unreliable_newsvendor_dfl_mu0_rho0_001_replica1_seed20260505_history.csv,30,-1.57041983977215,-1.6884922663523305,0.11807242658018052,0.05395706699573404,0.011169710648434838,310.609075204,
20260507_100656,tiny,unreliable_newsvendor,unreliable_newsvendor,dfl_mu0_rho0.001,ok,27,ibm-96c-1,100,1,30,500,5,20260505,2,20260506,/home/rwl/ProblemBasedScenarioGeneration/src/ContextualDFL/ContextualDFLExperiments/experiments/baseline_benchmarks/artifacts/tiny_30ctx_5x100_seed20260505/unreliable_newsvendor.jls,v3__tiny__unreliable_newsvendor__unreliable_newsvendor__train100x1__test30x500__batches5__seed20260505__solver_ipopt_highs__generated_test_optima__policy_dfl__dflrho_v1_dfl_mu0_rho0.001_seed20260506_epochs130_scenarios1_batch1_hidden128_depth3_lr0.001_mu0.0_rho0.001,true,true,0.729893316,1.640022872,316.704476225,0.0,0.001,0.0,0.0,/home/rwl/ProblemBasedScenarioGeneration/src/ContextualDFL/ContextualDFLExperiments/experiments/baseline_benchmarks/results/tiny_30ctx_5x100_dfl_rho_asap_20260507/ibm-96c-1/policy_histories/20260507_100656_unreliable_newsvendor_dfl_mu0_rho0_001_replica2_seed20260506_history.csv,30,-1.6481768448500738,-1.6884922663523305,0.04031542150225664,0.022791041150984237,0.007362632537320976,312.07987509,
20260507_100656,tiny,unreliable_newsvendor,unreliable_newsvendor,dfl_mu0_rho0.001,ok,28,ibm-96c-1,100,1,30,500,5,20260505,3,20260507,/home/rwl/ProblemBasedScenarioGeneration/src/ContextualDFL/ContextualDFLExperiments/experiments/baseline_benchmarks/artifacts/tiny_30ctx_5x100_seed20260505/unreliable_newsvendor.jls,v3__tiny__unreliable_newsvendor__unreliable_newsvendor__train100x1__test30x500__batches5__seed20260505__solver_ipopt_highs__generated_test_optima__policy_dfl__dflrho_v1_dfl_mu0_rho0.001_seed20260507_epochs130_scenarios1_batch1_hidden128_depth3_lr0.001_mu0.0_rho0.001,true,true,0.958303501,1.412031658,316.241659923,0.0,0.001,0.0,0.0,/home/rwl/ProblemBasedScenarioGeneration/src/ContextualDFL/ContextualDFLExperiments/experiments/baseline_benchmarks/results/tiny_30ctx_5x100_dfl_rho_asap_20260507/ibm-96c-1/policy_histories/20260507_100656_unreliable_newsvendor_dfl_mu0_rho0_001_replica3_seed20260507_history.csv,30,-1.6282506624098982,-1.6884922663523305,0.06024160394243178,0.029795023502710953,0.008369686377468707,312.008435141,
