activation,batch_size,candidate_name,data_seed,depth,display_loss,epoch,epoch_seconds,group,hidden_size,iterations,knn_k,loss_kind,model_seed,mu,mu_in,mu_ref,nr_scenarios,replicate,reset_optimizer_each_epoch,rho,rho_in,rho_ref,run_id,schedule_kind,training_loss,training_seed
silu,1,pure_rho_0p01,202615051,4,3213.705847788022,1,82.39045000076294,04_pure_quadratic,128,100,0,dfl,202615052,0.0,0.0,0.0,1,1,true,0.01,0.01,0.01,full_04_pure_quadratic_pure_rho_0p01_rep01,pure_rho,3213.705847788022,202615053
silu,1,pure_rho_0p01,202615051,4,1708.3298848714885,2,19.221610069274902,04_pure_quadratic,128,100,0,dfl,202615052,0.0,0.0,0.0,1,1,true,0.01,0.01,0.01,full_04_pure_quadratic_pure_rho_0p01_rep01,pure_rho,1708.3298848714885,202615053
silu,1,pure_rho_0p01,202615051,4,1638.200484562044,3,18.696979999542236,04_pure_quadratic,128,100,0,dfl,202615052,0.0,0.0,0.0,1,1,true,0.01,0.01,0.01,full_04_pure_quadratic_pure_rho_0p01_rep01,pure_rho,1638.200484562044,202615053
silu,1,pure_rho_0p01,202615051,4,1601.8247654021025,4,19.894165992736816,04_pure_quadratic,128,100,0,dfl,202615052,0.0,0.0,0.0,1,1,true,0.01,0.01,0.01,full_04_pure_quadratic_pure_rho_0p01_rep01,pure_rho,1601.8247654021025,202615053
silu,1,pure_rho_0p01,202615051,4,1590.041756282647,5,18.33177399635315,04_pure_quadratic,128,100,0,dfl,202615052,0.0,0.0,0.0,1,1,true,0.01,0.01,0.01,full_04_pure_quadratic_pure_rho_0p01_rep01,pure_rho,1590.041756282647,202615053
silu,1,pure_rho_0p01,202615051,4,1560.9861512614589,6,18.562474966049194,04_pure_quadratic,128,100,0,dfl,202615052,0.0,0.0,0.0,1,1,true,0.01,0.01,0.01,full_04_pure_quadratic_pure_rho_0p01_rep01,pure_rho,1560.9861512614589,202615053
silu,1,pure_rho_0p01,202615051,4,1568.1554749843763,7,20.284816026687622,04_pure_quadratic,128,100,0,dfl,202615052,0.0,0.0,0.0,1,1,true,0.01,0.01,0.01,full_04_pure_quadratic_pure_rho_0p01_rep01,pure_rho,1568.1554749843763,202615053
silu,1,pure_rho_0p01,202615051,4,1558.2322213717653,8,19.501160144805908,04_pure_quadratic,128,100,0,dfl,202615052,0.0,0.0,0.0,1,1,true,0.01,0.01,0.01,full_04_pure_quadratic_pure_rho_0p01_rep01,pure_rho,1558.2322213717653,202615053
silu,1,pure_rho_0p01,202615051,4,1563.6872402622994,9,20.83469820022583,04_pure_quadratic,128,100,0,dfl,202615052,0.0,0.0,0.0,1,1,true,0.01,0.01,0.01,full_04_pure_quadratic_pure_rho_0p01_rep01,pure_rho,1563.6872402622994,202615053
silu,1,pure_rho_0p01,202615051,4,1555.4472046982637,10,20.337610006332397,04_pure_quadratic,128,100,0,dfl,202615052,0.0,0.0,0.0,1,1,true,0.01,0.01,0.01,full_04_pure_quadratic_pure_rho_0p01_rep01,pure_rho,1555.4472046982637,202615053
silu,1,pure_rho_0p01,202615051,4,1554.8892632716982,11,18.896854877471924,04_pure_quadratic,128,100,0,dfl,202615052,0.0,0.0,0.0,1,1,true,0.01,0.01,0.01,full_04_pure_quadratic_pure_rho_0p01_rep01,pure_rho,1554.8892632716982,202615053
silu,1,pure_rho_0p01,202615051,4,1574.356665586368,12,21.44643998146057,04_pure_quadratic,128,100,0,dfl,202615052,0.0,0.0,0.0,1,1,true,0.01,0.01,0.01,full_04_pure_quadratic_pure_rho_0p01_rep01,pure_rho,1574.356665586368,202615053
silu,1,pure_rho_0p01,202615051,4,1551.816538153559,13,18.56515598297119,04_pure_quadratic,128,100,0,dfl,202615052,0.0,0.0,0.0,1,1,true,0.01,0.01,0.01,full_04_pure_quadratic_pure_rho_0p01_rep01,pure_rho,1551.816538153559,202615053
silu,1,pure_rho_0p01,202615051,4,1553.6777545403447,14,17.66605806350708,04_pure_quadratic,128,100,0,dfl,202615052,0.0,0.0,0.0,1,1,true,0.01,0.01,0.01,full_04_pure_quadratic_pure_rho_0p01_rep01,pure_rho,1553.6777545403447,202615053
silu,1,pure_rho_0p01,202615051,4,1531.7332968273229,15,18.277420043945312,04_pure_quadratic,128,100,0,dfl,202615052,0.0,0.0,0.0,1,1,true,0.01,0.01,0.01,full_04_pure_quadratic_pure_rho_0p01_rep01,pure_rho,1531.7332968273229,202615053
silu,1,pure_rho_0p01,202615051,4,1586.2949076886227,16,17.36574697494507,04_pure_quadratic,128,100,0,dfl,202615052,0.0,0.0,0.0,1,1,true,0.01,0.01,0.01,full_04_pure_quadratic_pure_rho_0p01_rep01,pure_rho,1586.2949076886227,202615053
silu,1,pure_rho_0p01,202615051,4,1563.2985287980837,17,18.031002044677734,04_pure_quadratic,128,100,0,dfl,202615052,0.0,0.0,0.0,1,1,true,0.01,0.01,0.01,full_04_pure_quadratic_pure_rho_0p01_rep01,pure_rho,1563.2985287980837,202615053
silu,1,pure_rho_0p01,202615051,4,1559.5531775540635,18,18.400906085968018,04_pure_quadratic,128,100,0,dfl,202615052,0.0,0.0,0.0,1,1,true,0.01,0.01,0.01,full_04_pure_quadratic_pure_rho_0p01_rep01,pure_rho,1559.5531775540635,202615053
silu,1,pure_rho_0p01,202615051,4,1554.2534868066737,19,18.183815956115723,04_pure_quadratic,128,100,0,dfl,202615052,0.0,0.0,0.0,1,1,true,0.01,0.01,0.01,full_04_pure_quadratic_pure_rho_0p01_rep01,pure_rho,1554.2534868066737,202615053
silu,1,pure_rho_0p01,202615051,4,1547.3953396876805,20,18.351778984069824,04_pure_quadratic,128,100,0,dfl,202615052,0.0,0.0,0.0,1,1,true,0.01,0.01,0.01,full_04_pure_quadratic_pure_rho_0p01_rep01,pure_rho,1547.3953396876805,202615053
silu,1,pure_rho_0p01,202615051,4,1566.4977564585724,21,20.41184401512146,04_pure_quadratic,128,100,0,dfl,202615052,0.0,0.0,0.0,1,1,true,0.01,0.01,0.01,full_04_pure_quadratic_pure_rho_0p01_rep01,pure_rho,1566.4977564585724,202615053
silu,1,pure_rho_0p01,202615051,4,1518.108265618617,22,19.47923517227173,04_pure_quadratic,128,100,0,dfl,202615052,0.0,0.0,0.0,1,1,true,0.01,0.01,0.01,full_04_pure_quadratic_pure_rho_0p01_rep01,pure_rho,1518.108265618617,202615053
silu,1,pure_rho_0p01,202615051,4,1574.113099190919,23,20.10985493659973,04_pure_quadratic,128,100,0,dfl,202615052,0.0,0.0,0.0,1,1,true,0.01,0.01,0.01,full_04_pure_quadratic_pure_rho_0p01_rep01,pure_rho,1574.113099190919,202615053
silu,1,pure_rho_0p01,202615051,4,1519.365914819683,24,19.1153781414032,04_pure_quadratic,128,100,0,dfl,202615052,0.0,0.0,0.0,1,1,true,0.01,0.01,0.01,full_04_pure_quadratic_pure_rho_0p01_rep01,pure_rho,1519.365914819683,202615053
silu,1,pure_rho_0p01,202615051,4,1525.606194420996,25,19.53978204727173,04_pure_quadratic,128,100,0,dfl,202615052,0.0,0.0,0.0,1,1,true,0.01,0.01,0.01,full_04_pure_quadratic_pure_rho_0p01_rep01,pure_rho,1525.606194420996,202615053
silu,1,pure_rho_0p01,202615051,4,1542.8436150929163,26,20.762120008468628,04_pure_quadratic,128,100,0,dfl,202615052,0.0,0.0,0.0,1,1,true,0.01,0.01,0.01,full_04_pure_quadratic_pure_rho_0p01_rep01,pure_rho,1542.8436150929163,202615053
silu,1,pure_rho_0p01,202615051,4,1543.6416305783162,27,19.64888095855713,04_pure_quadratic,128,100,0,dfl,202615052,0.0,0.0,0.0,1,1,true,0.01,0.01,0.01,full_04_pure_quadratic_pure_rho_0p01_rep01,pure_rho,1543.6416305783162,202615053
silu,1,pure_rho_0p01,202615051,4,1565.6685175467915,28,25.315834999084473,04_pure_quadratic,128,100,0,dfl,202615052,0.0,0.0,0.0,1,1,true,0.01,0.01,0.01,full_04_pure_quadratic_pure_rho_0p01_rep01,pure_rho,1565.6685175467915,202615053
silu,1,pure_rho_0p01,202615051,4,1558.5125166142473,29,28.27932906150818,04_pure_quadratic,128,100,0,dfl,202615052,0.0,0.0,0.0,1,1,true,0.01,0.01,0.01,full_04_pure_quadratic_pure_rho_0p01_rep01,pure_rho,1558.5125166142473,202615053
silu,1,pure_rho_0p01,202615051,4,1511.4063120596525,30,25.384719848632812,04_pure_quadratic,128,100,0,dfl,202615052,0.0,0.0,0.0,1,1,true,0.01,0.01,0.01,full_04_pure_quadratic_pure_rho_0p01_rep01,pure_rho,1511.4063120596525,202615053
silu,1,pure_rho_0p01,202615051,4,1561.413177244273,31,24.016830921173096,04_pure_quadratic,128,100,0,dfl,202615052,0.0,0.0,0.0,1,1,true,0.01,0.01,0.01,full_04_pure_quadratic_pure_rho_0p01_rep01,pure_rho,1561.413177244273,202615053
silu,1,pure_rho_0p01,202615051,4,1529.325673626986,32,25.485987186431885,04_pure_quadratic,128,100,0,dfl,202615052,0.0,0.0,0.0,1,1,true,0.01,0.01,0.01,full_04_pure_quadratic_pure_rho_0p01_rep01,pure_rho,1529.325673626986,202615053
silu,1,pure_rho_0p01,202615051,4,1522.1822458369072,33,24.77164912223816,04_pure_quadratic,128,100,0,dfl,202615052,0.0,0.0,0.0,1,1,true,0.01,0.01,0.01,full_04_pure_quadratic_pure_rho_0p01_rep01,pure_rho,1522.1822458369072,202615053
silu,1,pure_rho_0p01,202615051,4,1548.689622324592,34,24.030941009521484,04_pure_quadratic,128,100,0,dfl,202615052,0.0,0.0,0.0,1,1,true,0.01,0.01,0.01,full_04_pure_quadratic_pure_rho_0p01_rep01,pure_rho,1548.689622324592,202615053
silu,1,pure_rho_0p01,202615051,4,1547.0731436757744,35,25.634703874588013,04_pure_quadratic,128,100,0,dfl,202615052,0.0,0.0,0.0,1,1,true,0.01,0.01,0.01,full_04_pure_quadratic_pure_rho_0p01_rep01,pure_rho,1547.0731436757744,202615053
silu,1,pure_rho_0p01,202615051,4,1521.2225592537116,36,20.735632181167603,04_pure_quadratic,128,100,0,dfl,202615052,0.0,0.0,0.0,1,1,true,0.01,0.01,0.01,full_04_pure_quadratic_pure_rho_0p01_rep01,pure_rho,1521.2225592537116,202615053
silu,1,pure_rho_0p01,202615051,4,1547.6583678315042,37,21.44087815284729,04_pure_quadratic,128,100,0,dfl,202615052,0.0,0.0,0.0,1,1,true,0.01,0.01,0.01,full_04_pure_quadratic_pure_rho_0p01_rep01,pure_rho,1547.6583678315042,202615053
silu,1,pure_rho_0p01,202615051,4,1554.452951737013,38,17.84462308883667,04_pure_quadratic,128,100,0,dfl,202615052,0.0,0.0,0.0,1,1,true,0.01,0.01,0.01,full_04_pure_quadratic_pure_rho_0p01_rep01,pure_rho,1554.452951737013,202615053
silu,1,pure_rho_0p01,202615051,4,1551.026379334107,39,19.076504945755005,04_pure_quadratic,128,100,0,dfl,202615052,0.0,0.0,0.0,1,1,true,0.01,0.01,0.01,full_04_pure_quadratic_pure_rho_0p01_rep01,pure_rho,1551.026379334107,202615053
silu,1,pure_rho_0p01,202615051,4,1513.77666735622,40,22.391150951385498,04_pure_quadratic,128,100,0,dfl,202615052,0.0,0.0,0.0,1,1,true,0.01,0.01,0.01,full_04_pure_quadratic_pure_rho_0p01_rep01,pure_rho,1513.77666735622,202615053
silu,1,pure_rho_0p01,202615051,4,1545.5802034143405,41,28.58421802520752,04_pure_quadratic,128,100,0,dfl,202615052,0.0,0.0,0.0,1,1,true,0.01,0.01,0.01,full_04_pure_quadratic_pure_rho_0p01_rep01,pure_rho,1545.5802034143405,202615053
silu,1,pure_rho_0p01,202615051,4,1503.2909404975662,42,37.220016956329346,04_pure_quadratic,128,100,0,dfl,202615052,0.0,0.0,0.0,1,1,true,0.01,0.01,0.01,full_04_pure_quadratic_pure_rho_0p01_rep01,pure_rho,1503.2909404975662,202615053
silu,1,pure_rho_0p01,202615051,4,1542.9103895874714,43,42.9919970035553,04_pure_quadratic,128,100,0,dfl,202615052,0.0,0.0,0.0,1,1,true,0.01,0.01,0.01,full_04_pure_quadratic_pure_rho_0p01_rep01,pure_rho,1542.9103895874714,202615053
silu,1,pure_rho_0p01,202615051,4,1502.5164519978973,44,42.050885915756226,04_pure_quadratic,128,100,0,dfl,202615052,0.0,0.0,0.0,1,1,true,0.01,0.01,0.01,full_04_pure_quadratic_pure_rho_0p01_rep01,pure_rho,1502.5164519978973,202615053
silu,1,pure_rho_0p01,202615051,4,1546.2863931215888,45,42.88214612007141,04_pure_quadratic,128,100,0,dfl,202615052,0.0,0.0,0.0,1,1,true,0.01,0.01,0.01,full_04_pure_quadratic_pure_rho_0p01_rep01,pure_rho,1546.2863931215888,202615053
silu,1,pure_rho_0p01,202615051,4,1526.7982770680471,46,43.61124610900879,04_pure_quadratic,128,100,0,dfl,202615052,0.0,0.0,0.0,1,1,true,0.01,0.01,0.01,full_04_pure_quadratic_pure_rho_0p01_rep01,pure_rho,1526.7982770680471,202615053
silu,1,pure_rho_0p01,202615051,4,1492.837643142483,47,39.82362914085388,04_pure_quadratic,128,100,0,dfl,202615052,0.0,0.0,0.0,1,1,true,0.01,0.01,0.01,full_04_pure_quadratic_pure_rho_0p01_rep01,pure_rho,1492.837643142483,202615053
silu,1,pure_rho_0p01,202615051,4,1505.4554072954154,48,40.63481593132019,04_pure_quadratic,128,100,0,dfl,202615052,0.0,0.0,0.0,1,1,true,0.01,0.01,0.01,full_04_pure_quadratic_pure_rho_0p01_rep01,pure_rho,1505.4554072954154,202615053
silu,1,pure_rho_0p01,202615051,4,1503.547998171764,49,45.403631925582886,04_pure_quadratic,128,100,0,dfl,202615052,0.0,0.0,0.0,1,1,true,0.01,0.01,0.01,full_04_pure_quadratic_pure_rho_0p01_rep01,pure_rho,1503.547998171764,202615053
silu,1,pure_rho_0p01,202615051,4,1498.284509972924,50,42.70707106590271,04_pure_quadratic,128,100,0,dfl,202615052,0.0,0.0,0.0,1,1,true,0.01,0.01,0.01,full_04_pure_quadratic_pure_rho_0p01_rep01,pure_rho,1498.284509972924,202615053
silu,1,pure_rho_0p01,202615051,4,1548.618326620452,51,52.44133019447327,04_pure_quadratic,128,100,0,dfl,202615052,0.0,0.0,0.0,1,1,true,0.01,0.01,0.01,full_04_pure_quadratic_pure_rho_0p01_rep01,pure_rho,1548.618326620452,202615053
silu,1,pure_rho_0p01,202615051,4,1503.3012155777587,52,59.15678095817566,04_pure_quadratic,128,100,0,dfl,202615052,0.0,0.0,0.0,1,1,true,0.01,0.01,0.01,full_04_pure_quadratic_pure_rho_0p01_rep01,pure_rho,1503.3012155777587,202615053
silu,1,pure_rho_0p01,202615051,4,1508.5946183723638,53,52.64236497879028,04_pure_quadratic,128,100,0,dfl,202615052,0.0,0.0,0.0,1,1,true,0.01,0.01,0.01,full_04_pure_quadratic_pure_rho_0p01_rep01,pure_rho,1508.5946183723638,202615053
silu,1,pure_rho_0p01,202615051,4,1498.3074983682664,54,41.45148301124573,04_pure_quadratic,128,100,0,dfl,202615052,0.0,0.0,0.0,1,1,true,0.01,0.01,0.01,full_04_pure_quadratic_pure_rho_0p01_rep01,pure_rho,1498.3074983682664,202615053
silu,1,pure_rho_0p01,202615051,4,1504.0323599689416,55,34.688498973846436,04_pure_quadratic,128,100,0,dfl,202615052,0.0,0.0,0.0,1,1,true,0.01,0.01,0.01,full_04_pure_quadratic_pure_rho_0p01_rep01,pure_rho,1504.0323599689416,202615053
silu,1,pure_rho_0p01,202615051,4,1493.1063253822663,56,30.705610036849976,04_pure_quadratic,128,100,0,dfl,202615052,0.0,0.0,0.0,1,1,true,0.01,0.01,0.01,full_04_pure_quadratic_pure_rho_0p01_rep01,pure_rho,1493.1063253822663,202615053
silu,1,pure_rho_0p01,202615051,4,1496.8227676300357,57,29.99674701690674,04_pure_quadratic,128,100,0,dfl,202615052,0.0,0.0,0.0,1,1,true,0.01,0.01,0.01,full_04_pure_quadratic_pure_rho_0p01_rep01,pure_rho,1496.8227676300357,202615053
silu,1,pure_rho_0p01,202615051,4,1496.1472783437791,58,32.83051514625549,04_pure_quadratic,128,100,0,dfl,202615052,0.0,0.0,0.0,1,1,true,0.01,0.01,0.01,full_04_pure_quadratic_pure_rho_0p01_rep01,pure_rho,1496.1472783437791,202615053
silu,1,pure_rho_0p01,202615051,4,1497.659918662145,59,30.837362051010132,04_pure_quadratic,128,100,0,dfl,202615052,0.0,0.0,0.0,1,1,true,0.01,0.01,0.01,full_04_pure_quadratic_pure_rho_0p01_rep01,pure_rho,1497.659918662145,202615053
silu,1,pure_rho_0p01,202615051,4,1528.7578403786717,60,32.55515718460083,04_pure_quadratic,128,100,0,dfl,202615052,0.0,0.0,0.0,1,1,true,0.01,0.01,0.01,full_04_pure_quadratic_pure_rho_0p01_rep01,pure_rho,1528.7578403786717,202615053
silu,1,pure_rho_0p01,202615051,4,1500.8341480419497,61,30.04893207550049,04_pure_quadratic,128,100,0,dfl,202615052,0.0,0.0,0.0,1,1,true,0.01,0.01,0.01,full_04_pure_quadratic_pure_rho_0p01_rep01,pure_rho,1500.8341480419497,202615053
silu,1,pure_rho_0p01,202615051,4,1490.767772248883,62,30.429659843444824,04_pure_quadratic,128,100,0,dfl,202615052,0.0,0.0,0.0,1,1,true,0.01,0.01,0.01,full_04_pure_quadratic_pure_rho_0p01_rep01,pure_rho,1490.767772248883,202615053
silu,1,pure_rho_0p01,202615051,4,1500.4801276713974,63,32.447569131851196,04_pure_quadratic,128,100,0,dfl,202615052,0.0,0.0,0.0,1,1,true,0.01,0.01,0.01,full_04_pure_quadratic_pure_rho_0p01_rep01,pure_rho,1500.4801276713974,202615053
silu,1,pure_rho_0p01,202615051,4,1500.2454193795597,64,30.926424026489258,04_pure_quadratic,128,100,0,dfl,202615052,0.0,0.0,0.0,1,1,true,0.01,0.01,0.01,full_04_pure_quadratic_pure_rho_0p01_rep01,pure_rho,1500.2454193795597,202615053
silu,1,pure_rho_0p01,202615051,4,1488.5551497362003,65,30.28843402862549,04_pure_quadratic,128,100,0,dfl,202615052,0.0,0.0,0.0,1,1,true,0.01,0.01,0.01,full_04_pure_quadratic_pure_rho_0p01_rep01,pure_rho,1488.5551497362003,202615053
silu,1,pure_rho_0p01,202615051,4,1496.584628372592,66,32.29607391357422,04_pure_quadratic,128,100,0,dfl,202615052,0.0,0.0,0.0,1,1,true,0.01,0.01,0.01,full_04_pure_quadratic_pure_rho_0p01_rep01,pure_rho,1496.584628372592,202615053
silu,1,pure_rho_0p01,202615051,4,1503.7111580951182,67,32.785720109939575,04_pure_quadratic,128,100,0,dfl,202615052,0.0,0.0,0.0,1,1,true,0.01,0.01,0.01,full_04_pure_quadratic_pure_rho_0p01_rep01,pure_rho,1503.7111580951182,202615053
silu,1,pure_rho_0p01,202615051,4,1492.1481669570494,68,31.54729199409485,04_pure_quadratic,128,100,0,dfl,202615052,0.0,0.0,0.0,1,1,true,0.01,0.01,0.01,full_04_pure_quadratic_pure_rho_0p01_rep01,pure_rho,1492.1481669570494,202615053
silu,1,pure_rho_0p01,202615051,4,1493.7140874317931,69,32.08000612258911,04_pure_quadratic,128,100,0,dfl,202615052,0.0,0.0,0.0,1,1,true,0.01,0.01,0.01,full_04_pure_quadratic_pure_rho_0p01_rep01,pure_rho,1493.7140874317931,202615053
silu,1,pure_rho_0p01,202615051,4,1504.2060496550364,70,31.037120819091797,04_pure_quadratic,128,100,0,dfl,202615052,0.0,0.0,0.0,1,1,true,0.01,0.01,0.01,full_04_pure_quadratic_pure_rho_0p01_rep01,pure_rho,1504.2060496550364,202615053
silu,1,pure_rho_0p01,202615051,4,1492.9001382476279,71,33.0613808631897,04_pure_quadratic,128,100,0,dfl,202615052,0.0,0.0,0.0,1,1,true,0.01,0.01,0.01,full_04_pure_quadratic_pure_rho_0p01_rep01,pure_rho,1492.9001382476279,202615053
silu,1,pure_rho_0p01,202615051,4,1490.6725680027719,72,30.588358879089355,04_pure_quadratic,128,100,0,dfl,202615052,0.0,0.0,0.0,1,1,true,0.01,0.01,0.01,full_04_pure_quadratic_pure_rho_0p01_rep01,pure_rho,1490.6725680027719,202615053
silu,1,pure_rho_0p01,202615051,4,1491.60478859121,73,31.503313064575195,04_pure_quadratic,128,100,0,dfl,202615052,0.0,0.0,0.0,1,1,true,0.01,0.01,0.01,full_04_pure_quadratic_pure_rho_0p01_rep01,pure_rho,1491.60478859121,202615053
silu,1,pure_rho_0p01,202615051,4,1488.2703782881506,74,33.14555501937866,04_pure_quadratic,128,100,0,dfl,202615052,0.0,0.0,0.0,1,1,true,0.01,0.01,0.01,full_04_pure_quadratic_pure_rho_0p01_rep01,pure_rho,1488.2703782881506,202615053
silu,1,pure_rho_0p01,202615051,4,1506.458359676546,75,31.42385506629944,04_pure_quadratic,128,100,0,dfl,202615052,0.0,0.0,0.0,1,1,true,0.01,0.01,0.01,full_04_pure_quadratic_pure_rho_0p01_rep01,pure_rho,1506.458359676546,202615053
silu,1,pure_rho_0p01,202615051,4,1511.8108320041367,76,31.380397081375122,04_pure_quadratic,128,100,0,dfl,202615052,0.0,0.0,0.0,1,1,true,0.01,0.01,0.01,full_04_pure_quadratic_pure_rho_0p01_rep01,pure_rho,1511.8108320041367,202615053
silu,1,pure_rho_0p01,202615051,4,1492.8487097907719,77,32.668298959732056,04_pure_quadratic,128,100,0,dfl,202615052,0.0,0.0,0.0,1,1,true,0.01,0.01,0.01,full_04_pure_quadratic_pure_rho_0p01_rep01,pure_rho,1492.8487097907719,202615053
silu,1,pure_rho_0p01,202615051,4,1510.9499775968675,78,30.689438819885254,04_pure_quadratic,128,100,0,dfl,202615052,0.0,0.0,0.0,1,1,true,0.01,0.01,0.01,full_04_pure_quadratic_pure_rho_0p01_rep01,pure_rho,1510.9499775968675,202615053
silu,1,pure_rho_0p01,202615051,4,1486.7791373248067,79,31.434848070144653,04_pure_quadratic,128,100,0,dfl,202615052,0.0,0.0,0.0,1,1,true,0.01,0.01,0.01,full_04_pure_quadratic_pure_rho_0p01_rep01,pure_rho,1486.7791373248067,202615053
silu,1,pure_rho_0p01,202615051,4,1492.1991206255752,80,41.50650405883789,04_pure_quadratic,128,100,0,dfl,202615052,0.0,0.0,0.0,1,1,true,0.01,0.01,0.01,full_04_pure_quadratic_pure_rho_0p01_rep01,pure_rho,1492.1991206255752,202615053
silu,1,pure_rho_0p01,202615051,4,1493.2799917250359,81,55.633506059646606,04_pure_quadratic,128,100,0,dfl,202615052,0.0,0.0,0.0,1,1,true,0.01,0.01,0.01,full_04_pure_quadratic_pure_rho_0p01_rep01,pure_rho,1493.2799917250359,202615053
silu,1,pure_rho_0p01,202615051,4,1528.209437073515,82,59.50753211975098,04_pure_quadratic,128,100,0,dfl,202615052,0.0,0.0,0.0,1,1,true,0.01,0.01,0.01,full_04_pure_quadratic_pure_rho_0p01_rep01,pure_rho,1528.209437073515,202615053
silu,1,pure_rho_0p01,202615051,4,1494.1145159349517,83,58.87722396850586,04_pure_quadratic,128,100,0,dfl,202615052,0.0,0.0,0.0,1,1,true,0.01,0.01,0.01,full_04_pure_quadratic_pure_rho_0p01_rep01,pure_rho,1494.1145159349517,202615053
silu,1,pure_rho_0p01,202615051,4,1512.5264730870822,84,57.286235094070435,04_pure_quadratic,128,100,0,dfl,202615052,0.0,0.0,0.0,1,1,true,0.01,0.01,0.01,full_04_pure_quadratic_pure_rho_0p01_rep01,pure_rho,1512.5264730870822,202615053
silu,1,pure_rho_0p01,202615051,4,1501.9803886564937,85,55.09551000595093,04_pure_quadratic,128,100,0,dfl,202615052,0.0,0.0,0.0,1,1,true,0.01,0.01,0.01,full_04_pure_quadratic_pure_rho_0p01_rep01,pure_rho,1501.9803886564937,202615053
silu,1,pure_rho_0p01,202615051,4,1483.5756396567708,86,40.96507382392883,04_pure_quadratic,128,100,0,dfl,202615052,0.0,0.0,0.0,1,1,true,0.01,0.01,0.01,full_04_pure_quadratic_pure_rho_0p01_rep01,pure_rho,1483.5756396567708,202615053
silu,1,pure_rho_0p01,202615051,4,1480.103829042951,87,33.79082489013672,04_pure_quadratic,128,100,0,dfl,202615052,0.0,0.0,0.0,1,1,true,0.01,0.01,0.01,full_04_pure_quadratic_pure_rho_0p01_rep01,pure_rho,1480.103829042951,202615053
silu,1,pure_rho_0p01,202615051,4,1530.738862446195,88,32.145474910736084,04_pure_quadratic,128,100,0,dfl,202615052,0.0,0.0,0.0,1,1,true,0.01,0.01,0.01,full_04_pure_quadratic_pure_rho_0p01_rep01,pure_rho,1530.738862446195,202615053
silu,1,pure_rho_0p01,202615051,4,1524.9110767973666,89,31.401607036590576,04_pure_quadratic,128,100,0,dfl,202615052,0.0,0.0,0.0,1,1,true,0.01,0.01,0.01,full_04_pure_quadratic_pure_rho_0p01_rep01,pure_rho,1524.9110767973666,202615053
silu,1,pure_rho_0p01,202615051,4,1521.918725021461,90,31.18478298187256,04_pure_quadratic,128,100,0,dfl,202615052,0.0,0.0,0.0,1,1,true,0.01,0.01,0.01,full_04_pure_quadratic_pure_rho_0p01_rep01,pure_rho,1521.918725021461,202615053
silu,1,pure_rho_0p01,202615051,4,1518.9838198093585,91,30.96928596496582,04_pure_quadratic,128,100,0,dfl,202615052,0.0,0.0,0.0,1,1,true,0.01,0.01,0.01,full_04_pure_quadratic_pure_rho_0p01_rep01,pure_rho,1518.9838198093585,202615053
silu,1,pure_rho_0p01,202615051,4,1493.3107612535646,92,30.171886920928955,04_pure_quadratic,128,100,0,dfl,202615052,0.0,0.0,0.0,1,1,true,0.01,0.01,0.01,full_04_pure_quadratic_pure_rho_0p01_rep01,pure_rho,1493.3107612535646,202615053
silu,1,pure_rho_0p01,202615051,4,1518.4488719412402,93,31.707669019699097,04_pure_quadratic,128,100,0,dfl,202615052,0.0,0.0,0.0,1,1,true,0.01,0.01,0.01,full_04_pure_quadratic_pure_rho_0p01_rep01,pure_rho,1518.4488719412402,202615053
silu,1,pure_rho_0p01,202615051,4,1480.2451490848437,94,32.18470597267151,04_pure_quadratic,128,100,0,dfl,202615052,0.0,0.0,0.0,1,1,true,0.01,0.01,0.01,full_04_pure_quadratic_pure_rho_0p01_rep01,pure_rho,1480.2451490848437,202615053
silu,1,pure_rho_0p01,202615051,4,1505.328618512805,95,31.529088020324707,04_pure_quadratic,128,100,0,dfl,202615052,0.0,0.0,0.0,1,1,true,0.01,0.01,0.01,full_04_pure_quadratic_pure_rho_0p01_rep01,pure_rho,1505.328618512805,202615053
silu,1,pure_rho_0p01,202615051,4,1489.130945676584,96,33.89120602607727,04_pure_quadratic,128,100,0,dfl,202615052,0.0,0.0,0.0,1,1,true,0.01,0.01,0.01,full_04_pure_quadratic_pure_rho_0p01_rep01,pure_rho,1489.130945676584,202615053
silu,1,pure_rho_0p01,202615051,4,1510.284916301752,97,31.931419134140015,04_pure_quadratic,128,100,0,dfl,202615052,0.0,0.0,0.0,1,1,true,0.01,0.01,0.01,full_04_pure_quadratic_pure_rho_0p01_rep01,pure_rho,1510.284916301752,202615053
silu,1,pure_rho_0p01,202615051,4,1499.9759145278003,98,30.708409070968628,04_pure_quadratic,128,100,0,dfl,202615052,0.0,0.0,0.0,1,1,true,0.01,0.01,0.01,full_04_pure_quadratic_pure_rho_0p01_rep01,pure_rho,1499.9759145278003,202615053
silu,1,pure_rho_0p01,202615051,4,1499.636237759431,99,32.739179849624634,04_pure_quadratic,128,100,0,dfl,202615052,0.0,0.0,0.0,1,1,true,0.01,0.01,0.01,full_04_pure_quadratic_pure_rho_0p01_rep01,pure_rho,1499.636237759431,202615053
silu,1,pure_rho_0p01,202615051,4,1486.27444593701,100,22.02553105354309,04_pure_quadratic,128,100,0,dfl,202615052,0.0,0.0,0.0,1,1,true,0.01,0.01,0.01,full_04_pure_quadratic_pure_rho_0p01_rep01,pure_rho,1486.27444593701,202615053
silu,1,pure_rho_0p01,202615051,4,1500.1110265988475,101,22.97962999343872,04_pure_quadratic,128,100,0,dfl,202615052,0.0,0.0,0.0,1,1,true,0.01,0.01,0.01,full_04_pure_quadratic_pure_rho_0p01_rep01,pure_rho,1500.1110265988475,202615053
silu,1,pure_rho_0p01,202615051,4,1490.6888729007665,102,23.360707998275757,04_pure_quadratic,128,100,0,dfl,202615052,0.0,0.0,0.0,1,1,true,0.01,0.01,0.01,full_04_pure_quadratic_pure_rho_0p01_rep01,pure_rho,1490.6888729007665,202615053
silu,1,pure_rho_0p01,202615051,4,1501.291072728809,103,24.94944190979004,04_pure_quadratic,128,100,0,dfl,202615052,0.0,0.0,0.0,1,1,true,0.01,0.01,0.01,full_04_pure_quadratic_pure_rho_0p01_rep01,pure_rho,1501.291072728809,202615053
silu,1,pure_rho_0p01,202615051,4,1494.3328062591038,104,31.588140964508057,04_pure_quadratic,128,100,0,dfl,202615052,0.0,0.0,0.0,1,1,true,0.01,0.01,0.01,full_04_pure_quadratic_pure_rho_0p01_rep01,pure_rho,1494.3328062591038,202615053
silu,1,pure_rho_0p01,202615051,4,1480.1170383653348,105,59.960184812545776,04_pure_quadratic,128,100,0,dfl,202615052,0.0,0.0,0.0,1,1,true,0.01,0.01,0.01,full_04_pure_quadratic_pure_rho_0p01_rep01,pure_rho,1480.1170383653348,202615053
silu,1,pure_rho_0p01,202615051,4,1506.8779759876288,106,55.59708118438721,04_pure_quadratic,128,100,0,dfl,202615052,0.0,0.0,0.0,1,1,true,0.01,0.01,0.01,full_04_pure_quadratic_pure_rho_0p01_rep01,pure_rho,1506.8779759876288,202615053
silu,1,pure_rho_0p01,202615051,4,1516.3781389496785,107,59.543859004974365,04_pure_quadratic,128,100,0,dfl,202615052,0.0,0.0,0.0,1,1,true,0.01,0.01,0.01,full_04_pure_quadratic_pure_rho_0p01_rep01,pure_rho,1516.3781389496785,202615053
silu,1,pure_rho_0p01,202615051,4,1495.6803374932008,108,57.06348395347595,04_pure_quadratic,128,100,0,dfl,202615052,0.0,0.0,0.0,1,1,true,0.01,0.01,0.01,full_04_pure_quadratic_pure_rho_0p01_rep01,pure_rho,1495.6803374932008,202615053
silu,1,pure_rho_0p01,202615051,4,1482.0546601420529,109,57.391782999038696,04_pure_quadratic,128,100,0,dfl,202615052,0.0,0.0,0.0,1,1,true,0.01,0.01,0.01,full_04_pure_quadratic_pure_rho_0p01_rep01,pure_rho,1482.0546601420529,202615053
silu,1,pure_rho_0p01,202615051,4,1495.2557346464487,110,58.925649881362915,04_pure_quadratic,128,100,0,dfl,202615052,0.0,0.0,0.0,1,1,true,0.01,0.01,0.01,full_04_pure_quadratic_pure_rho_0p01_rep01,pure_rho,1495.2557346464487,202615053
silu,1,pure_rho_0p01,202615051,4,1494.5891183206238,111,54.50416612625122,04_pure_quadratic,128,100,0,dfl,202615052,0.0,0.0,0.0,1,1,true,0.01,0.01,0.01,full_04_pure_quadratic_pure_rho_0p01_rep01,pure_rho,1494.5891183206238,202615053
silu,1,pure_rho_0p01,202615051,4,1483.2250001541706,112,54.36103296279907,04_pure_quadratic,128,100,0,dfl,202615052,0.0,0.0,0.0,1,1,true,0.01,0.01,0.01,full_04_pure_quadratic_pure_rho_0p01_rep01,pure_rho,1483.2250001541706,202615053
silu,1,pure_rho_0p01,202615051,4,1477.5236458059758,113,40.48656511306763,04_pure_quadratic,128,100,0,dfl,202615052,0.0,0.0,0.0,1,1,true,0.01,0.01,0.01,full_04_pure_quadratic_pure_rho_0p01_rep01,pure_rho,1477.5236458059758,202615053
silu,1,pure_rho_0p01,202615051,4,1508.2675922686828,114,30.129668951034546,04_pure_quadratic,128,100,0,dfl,202615052,0.0,0.0,0.0,1,1,true,0.01,0.01,0.01,full_04_pure_quadratic_pure_rho_0p01_rep01,pure_rho,1508.2675922686828,202615053
silu,1,pure_rho_0p01,202615051,4,1499.4293500144477,115,32.07315993309021,04_pure_quadratic,128,100,0,dfl,202615052,0.0,0.0,0.0,1,1,true,0.01,0.01,0.01,full_04_pure_quadratic_pure_rho_0p01_rep01,pure_rho,1499.4293500144477,202615053
silu,1,pure_rho_0p01,202615051,4,1479.128169996854,116,31.367630004882812,04_pure_quadratic,128,100,0,dfl,202615052,0.0,0.0,0.0,1,1,true,0.01,0.01,0.01,full_04_pure_quadratic_pure_rho_0p01_rep01,pure_rho,1479.128169996854,202615053
silu,1,pure_rho_0p01,202615051,4,1505.0216019294803,117,30.162956953048706,04_pure_quadratic,128,100,0,dfl,202615052,0.0,0.0,0.0,1,1,true,0.01,0.01,0.01,full_04_pure_quadratic_pure_rho_0p01_rep01,pure_rho,1505.0216019294803,202615053
silu,1,pure_rho_0p01,202615051,4,1484.3069217629777,118,33.123653173446655,04_pure_quadratic,128,100,0,dfl,202615052,0.0,0.0,0.0,1,1,true,0.01,0.01,0.01,full_04_pure_quadratic_pure_rho_0p01_rep01,pure_rho,1484.3069217629777,202615053
silu,1,pure_rho_0p01,202615051,4,1486.074408657155,119,31.745934009552002,04_pure_quadratic,128,100,0,dfl,202615052,0.0,0.0,0.0,1,1,true,0.01,0.01,0.01,full_04_pure_quadratic_pure_rho_0p01_rep01,pure_rho,1486.074408657155,202615053
silu,1,pure_rho_0p01,202615051,4,1480.1253158351483,120,30.965679168701172,04_pure_quadratic,128,100,0,dfl,202615052,0.0,0.0,0.0,1,1,true,0.01,0.01,0.01,full_04_pure_quadratic_pure_rho_0p01_rep01,pure_rho,1480.1253158351483,202615053
silu,1,pure_rho_0p01,202615051,4,1501.9414395723975,121,33.20592784881592,04_pure_quadratic,128,100,0,dfl,202615052,0.0,0.0,0.0,1,1,true,0.01,0.01,0.01,full_04_pure_quadratic_pure_rho_0p01_rep01,pure_rho,1501.9414395723975,202615053
silu,1,pure_rho_0p01,202615051,4,1482.6578584013107,122,32.87649416923523,04_pure_quadratic,128,100,0,dfl,202615052,0.0,0.0,0.0,1,1,true,0.01,0.01,0.01,full_04_pure_quadratic_pure_rho_0p01_rep01,pure_rho,1482.6578584013107,202615053
silu,1,pure_rho_0p01,202615051,4,1482.09811902631,123,33.23082780838013,04_pure_quadratic,128,100,0,dfl,202615052,0.0,0.0,0.0,1,1,true,0.01,0.01,0.01,full_04_pure_quadratic_pure_rho_0p01_rep01,pure_rho,1482.09811902631,202615053
silu,1,pure_rho_0p01,202615051,4,1494.6733401471495,124,34.830119132995605,04_pure_quadratic,128,100,0,dfl,202615052,0.0,0.0,0.0,1,1,true,0.01,0.01,0.01,full_04_pure_quadratic_pure_rho_0p01_rep01,pure_rho,1494.6733401471495,202615053
silu,1,pure_rho_0p01,202615051,4,1500.7586838477778,125,32.587820053100586,04_pure_quadratic,128,100,0,dfl,202615052,0.0,0.0,0.0,1,1,true,0.01,0.01,0.01,full_04_pure_quadratic_pure_rho_0p01_rep01,pure_rho,1500.7586838477778,202615053
silu,1,pure_rho_0p01,202615051,4,1517.4484115500347,126,34.55665397644043,04_pure_quadratic,128,100,0,dfl,202615052,0.0,0.0,0.0,1,1,true,0.01,0.01,0.01,full_04_pure_quadratic_pure_rho_0p01_rep01,pure_rho,1517.4484115500347,202615053
silu,1,pure_rho_0p01,202615051,4,1498.2753967749675,127,32.80185389518738,04_pure_quadratic,128,100,0,dfl,202615052,0.0,0.0,0.0,1,1,true,0.01,0.01,0.01,full_04_pure_quadratic_pure_rho_0p01_rep01,pure_rho,1498.2753967749675,202615053
silu,1,pure_rho_0p01,202615051,4,1500.8014456998544,128,32.75385904312134,04_pure_quadratic,128,100,0,dfl,202615052,0.0,0.0,0.0,1,1,true,0.01,0.01,0.01,full_04_pure_quadratic_pure_rho_0p01_rep01,pure_rho,1500.8014456998544,202615053
silu,1,pure_rho_0p01,202615051,4,1498.8073146760983,129,33.4205060005188,04_pure_quadratic,128,100,0,dfl,202615052,0.0,0.0,0.0,1,1,true,0.01,0.01,0.01,full_04_pure_quadratic_pure_rho_0p01_rep01,pure_rho,1498.8073146760983,202615053
silu,1,pure_rho_0p01,202615051,4,1491.2768748221995,130,32.12869191169739,04_pure_quadratic,128,100,0,dfl,202615052,0.0,0.0,0.0,1,1,true,0.01,0.01,0.01,full_04_pure_quadratic_pure_rho_0p01_rep01,pure_rho,1491.2768748221995,202615053
