timestamp,profile,benchmark,variant,policy,status,worker_id,hostname,train_contexts,train_scenarios_per_context,test_contexts,test_scenarios_per_context,evaluation_batches,seed,cache_key,loaded_from_cache,data_seconds,fit_seconds,eval_seconds,sample_count,policy_value_mean,optimal_value_mean,regret_mean,relative_regret_mean,gap_stderr_mean,policy_eval_seconds,error
20260507_010722,proper,resource_allocation,resource_allocation,saa,ok,2,ibm-96c-1,100,1,30,1000,1,20260505,v3__proper__resource_allocation__resource_allocation__train100x1__test30x1000__batches1__seed20260505__solver_ipopt_highs__generated_test_optima,true,0.151340561,15.089018847,600.369839286,30,1037.3038345976283,841.4969428382349,195.80689175939366,0.2354391540185669,0.0,597.6816175,
20260507_010722,proper,resource_allocation,resource_allocation,knn,ok,3,ibm-96c-1,100,1,30,1000,1,20260505,v3__proper__resource_allocation__resource_allocation__train100x1__test30x1000__batches1__seed20260505__solver_ipopt_highs__generated_test_optima,true,0.494289975,0.771248298,656.786544911,30,894.2298822421625,841.4969428382349,52.73293940392788,0.056612847863218546,0.0,653.755221045,
20260507_010722,proper,resource_allocation,resource_allocation,least_squares,ok,4,ibm-96c-1,100,1,30,1000,1,20260505,v3__proper__resource_allocation__resource_allocation__train100x1__test30x1000__batches1__seed20260505__solver_ipopt_highs__generated_test_optima,true,0.75814113,2.493166287,617.655581045,30,914.1919272895573,841.4969428382349,72.69498445132234,0.08523830145636911,0.0,615.245237725,
20260507_010722,proper,resource_allocation,resource_allocation,er_saa,ok,5,ibm-96c-1,100,1,30,1000,1,20260505,v3__proper__resource_allocation__resource_allocation__train100x1__test30x1000__batches1__seed20260505__solver_ipopt_highs__generated_test_optima,true,0.491875042,2.550271661,732.647454119,30,894.6078751561389,841.4969428382349,53.110932317904116,0.06270174532084109,0.0,729.95507189,
20260507_010736,proper,shipment_planning,shipment_planning,saa,ok,2,ibm-96c-2,100,1,30,1000,1,20260505,v3__proper__shipment_planning__shipment_planning__train100x1__test30x1000__batches1__seed20260505__solver_ipopt_highs__generated_test_optima,true,0.034087981,10.337660196,332.399178532,30,7764.231498182844,7034.901527724386,729.3299704584589,0.10614488196963942,0.0,329.999453638,
20260507_010736,proper,shipment_planning,shipment_planning,knn,ok,3,ibm-96c-2,100,1,30,1000,1,20260505,v3__proper__shipment_planning__shipment_planning__train100x1__test30x1000__batches1__seed20260505__solver_ipopt_highs__generated_test_optima,true,0.03360037,0.583684662,341.752925603,30,7171.615069949319,7034.901527724386,136.71354222493378,0.01936006470439396,0.0,338.998426924,
20260507_010736,proper,shipment_planning,shipment_planning,least_squares,ok,4,ibm-96c-2,100,1,30,1000,1,20260505,v3__proper__shipment_planning__shipment_planning__train100x1__test30x1000__batches1__seed20260505__solver_ipopt_highs__generated_test_optima,true,0.324856336,2.368008041,321.952436049,30,7566.662688469392,7034.901527724386,531.7611607450069,0.07547415235015399,0.0,319.344128117,
20260507_010736,proper,shipment_planning,shipment_planning,er_saa,ok,5,ibm-96c-2,100,1,30,1000,1,20260505,v3__proper__shipment_planning__shipment_planning__train100x1__test30x1000__batches1__seed20260505__solver_ipopt_highs__generated_test_optima,true,0.300840672,2.019148935,352.993907972,30,7048.568484175766,7034.901527724386,13.666956451381612,0.0018775407965194323,0.0,350.472858204,
20260507_010836,proper,transshipment_q,q,saa,ok,2,ibm-96c-2,100,1,30,1000,1,20260505,v3__proper__transshipment_q__q__train100x1__test30x1000__batches1__seed20260505__solver_ipopt_highs__generated_test_optima,true,0.090911321,17.671858205,365.222717699,30,2279.9999999999995,2279.999999999873,1.2570732603004823e-10,5.513479211844527e-14,0.0,362.481636437,
20260507_010836,proper,transshipment_q,q,knn,ok,3,ibm-96c-2,100,1,30,1000,1,20260505,v3__proper__transshipment_q__q__train100x1__test30x1000__batches1__seed20260505__solver_ipopt_highs__generated_test_optima,true,0.09740798,1.083638439,367.473271137,30,2279.9999999999995,2279.999999999873,1.2570732603004823e-10,5.513479211844527e-14,0.0,363.813690673,
20260507_010836,proper,transshipment_q,q,least_squares,ok,4,ibm-96c-2,100,1,30,1000,1,20260505,v3__proper__transshipment_q__q__train100x1__test30x1000__batches1__seed20260505__solver_ipopt_highs__generated_test_optima,true,0.098913488,2.904968726,382.038342948,30,2287.2368536866097,2279.999999999873,7.236853686735943,0.0031740586345334865,0.0,379.537506249,
20260507_010836,proper,transshipment_q,q,er_saa,ok,5,ibm-96c-2,100,1,30,1000,1,20260505,v3__proper__transshipment_q__q__train100x1__test30x1000__batches1__seed20260505__solver_ipopt_highs__generated_test_optima,true,0.119186669,2.772344838,372.158526262,30,2280.7142654430836,2279.999999999873,0.7142654432099486,0.0003132743171973634,0.0,369.184009665,
20260507_010836,proper,transshipment_h,h,saa,ok,6,ibm-96c-2,100,1,30,1000,1,20260505,v3__proper__transshipment_h__h__train100x1__test30x1000__batches1__seed20260505__solver_ipopt_highs__generated_test_optima,true,0.440755415,14.327021773,367.987932023,30,3525.3303213183603,3059.796411456959,465.53390986140204,0.15479998346187607,0.0,365.156853346,
20260507_010836,proper,transshipment_h,h,knn,ok,7,ibm-96c-2,100,1,30,1000,1,20260505,v3__proper__transshipment_h__h__train100x1__test30x1000__batches1__seed20260505__solver_ipopt_highs__generated_test_optima,true,0.541849727,1.027857387,378.013435845,30,3083.950691859326,3059.796411456959,24.154280402367263,0.008147730695884573,0.0,374.347462417,
20260507_010836,proper,transshipment_h,h,least_squares,ok,8,ibm-96c-2,100,1,30,1000,1,20260505,v3__proper__transshipment_h__h__train100x1__test30x1000__batches1__seed20260505__solver_ipopt_highs__generated_test_optima,true,0.420327743,2.78521979,379.828262871,30,3258.0852197766103,3059.796411456959,198.28880831965168,0.0644258680581915,0.0,377.348464479,
20260507_010836,proper,transshipment_h,h,er_saa,ok,9,ibm-96c-2,100,1,30,1000,1,20260505,v3__proper__transshipment_h__h__train100x1__test30x1000__batches1__seed20260505__solver_ipopt_highs__generated_test_optima,true,0.531645532,3.320400391,369.150749564,30,3192.8414108195457,3059.796411456959,133.04499936258722,0.043440458292016364,0.0,365.829128705,
20260507_010836,proper,transshipment_h_and_q,h_and_q,saa,ok,10,ibm-96c-2,100,1,30,1000,1,20260505,v3__proper__transshipment_h_and_q__h_and_q__train100x1__test30x1000__batches1__seed20260505__solver_ipopt_highs__generated_test_optima,true,0.426889248,14.114528271,352.962345085,30,3473.2324780754325,3068.0130407691768,405.21943730625514,0.13221353302312538,0.0,350.213157325,
20260507_010836,proper,transshipment_h_and_q,h_and_q,knn,ok,11,ibm-96c-2,100,1,30,1000,1,20260505,v3__proper__transshipment_h_and_q__h_and_q__train100x1__test30x1000__batches1__seed20260505__solver_ipopt_highs__generated_test_optima,true,0.421930214,1.144935249,379.44568674,30,3085.235143545036,3068.0130407691768,17.222102775859746,0.0056109625809619736,0.0,376.566770813,
20260507_010836,proper,transshipment_h_and_q,h_and_q,least_squares,ok,12,ibm-96c-2,100,1,30,1000,1,20260505,v3__proper__transshipment_h_and_q__h_and_q__train100x1__test30x1000__batches1__seed20260505__solver_ipopt_highs__generated_test_optima,true,0.544825204,4.109250287,377.083986633,30,3252.1775536120726,3068.0130407691768,184.16451284289604,0.060224524958094966,0.0,374.215970501,
20260507_010836,proper,transshipment_h_and_q,h_and_q,er_saa,ok,13,ibm-96c-2,100,1,30,1000,1,20260505,v3__proper__transshipment_h_and_q__h_and_q__train100x1__test30x1000__batches1__seed20260505__solver_ipopt_highs__generated_test_optima,true,0.426434047,3.15951192,378.483815972,30,3192.978686684615,3068.0130407691768,124.96564591543854,0.04082162363529933,0.0,375.992789108,
20260507_010836,proper,random_yield,random_yield,saa,ok,14,ibm-96c-2,100,1,30,1000,1,20260505,v3__proper__random_yield__random_yield__train100x1__test30x1000__batches1__seed20260505__solver_ipopt_highs__generated_test_optima,true,1.410172219,18.449144871,344.361603178,30,17.262064166270754,14.081246202449062,3.1808179638216934,0.23615150970149001,0.0,341.345341821,
20260507_010836,proper,random_yield,random_yield,knn,ok,15,ibm-96c-2,100,1,30,1000,1,20260505,v3__proper__random_yield__random_yield__train100x1__test30x1000__batches1__seed20260505__solver_ipopt_highs__generated_test_optima,true,1.541032291,0.951847775,360.694938842,30,14.608981498619025,14.081246202449062,0.5277352961699647,0.03772478577780104,0.0,356.798171943,
20260507_010836,proper,random_yield,random_yield,least_squares,ok,16,ibm-96c-2,100,1,30,1000,1,20260505,v3__proper__random_yield__random_yield__train100x1__test30x1000__batches1__seed20260505__solver_ipopt_highs__generated_test_optima,true,1.239771116,3.443558511,356.902731341,30,18.046976948619353,14.081246202449062,3.965730746170291,0.2914475141794816,0.0,354.341354922,
20260507_010836,proper,random_yield,random_yield,er_saa,ok,17,ibm-96c-2,100,1,30,1000,1,20260505,v3__proper__random_yield__random_yield__train100x1__test30x1000__batches1__seed20260505__solver_ipopt_highs__generated_test_optima,true,1.272537215,2.692172354,361.93974019,30,20.452604035494737,14.081246202449062,6.371357833045674,0.4680879928101823,0.0,358.235040764,
20260507_010736,proper,unreliable_newsvendor,unreliable_newsvendor,saa,ok,6,ibm-96c-2,100,1,30,1000,1,20260505,v3__proper__unreliable_newsvendor__unreliable_newsvendor__train100x1__test30x1000__batches1__seed20260505__solver_ipopt_highs__generated_test_optima,true,0.31568066,10.465205108,287.185257058,30,-1.3706170293840958,-1.6830129984160758,0.3123959690319802,0.21405138257697803,0.0,284.769126117,
20260507_010736,proper,unreliable_newsvendor,unreliable_newsvendor,knn,ok,7,ibm-96c-2,100,1,30,1000,1,20260505,v3__proper__unreliable_newsvendor__unreliable_newsvendor__train100x1__test30x1000__batches1__seed20260505__solver_ipopt_highs__generated_test_optima,true,0.306696628,0.561489284,316.074973658,30,-1.6554969630732055,-1.6830129984160758,0.0275160353428704,0.01594019035569915,0.0,313.325314191,
20260507_010736,proper,unreliable_newsvendor,unreliable_newsvendor,least_squares,ok,8,ibm-96c-2,100,1,30,1000,1,20260505,v3__proper__unreliable_newsvendor__unreliable_newsvendor__train100x1__test30x1000__batches1__seed20260505__solver_ipopt_highs__generated_test_optima,true,0.307725959,2.276935157,299.109802313,30,-1.3848381569066104,-1.6830129984160758,0.29817484150946544,0.17626448140219744,0.0,296.90427236,
20260507_010736,proper,unreliable_newsvendor,unreliable_newsvendor,er_saa,ok,9,ibm-96c-2,100,1,30,1000,1,20260505,v3__proper__unreliable_newsvendor__unreliable_newsvendor__train100x1__test30x1000__batches1__seed20260505__solver_ipopt_highs__generated_test_optima,true,0.324703643,2.074431103,295.990825667,30,-1.614826703544441,-1.6830129984160758,0.06818629487163513,0.032538435775101106,0.0,293.318102043,
